DROP TABLE IF EXISTS `customers`;

CREATE TABLE `customers` (
  `id` int(11) unsigned NOT NULL AUTO_INCREMENT,
  `first_name` varchar(255) NOT NULL DEFAULT '',
  `last_name` varchar(255) NOT NULL DEFAULT '',
  `email` varchar(255) NOT NULL DEFAULT '',
  `updated_at` datetime DEFAULT NULL,
  `created_at` datetime NOT NULL DEFAULT CURRENT_TIMESTAMP,
  PRIMARY KEY (`id`)
) ENGINE=InnoDB DEFAULT CHARSET=utf8;


DROP TABLE IF EXISTS `orders`;

CREATE TABLE `orders` (
  `id` int(11) unsigned NOT NULL AUTO_INCREMENT,
  `customer_id` int(11) DEFAULT NULL,
  `country` varchar(255) NOT NULL DEFAULT '',
  `country_code` varchar(2) NOT NULL DEFAULT '',
  `device` varchar(255) NOT NULL DEFAULT '',
  `purchase_date` datetime NOT NULL DEFAULT CURRENT_TIMESTAMP,
  `created_at` datetime NOT NULL DEFAULT CURRENT_TIMESTAMP,
  PRIMARY KEY (`id`)
) ENGINE=InnoDB DEFAULT CHARSET=utf8;


DROP TABLE IF EXISTS `order_items`;

CREATE TABLE `order_items` (
  `id` int(11) unsigned NOT NULL AUTO_INCREMENT,
  `order_id` int(11) NOT NULL,
  `ean` varchar(13) NOT NULL DEFAULT '',
  `quantity` int(11) NOT NULL,
  `price_per_item_ore` int(11) NOT NULL,
  `price_total_ore` int(11) NOT NULL,
  `created_at` datetime NOT NULL DEFAULT CURRENT_TIMESTAMP,
  PRIMARY KEY (`id`)
) ENGINE=InnoDB DEFAULT CHARSET=utf8;



INSERT INTO `order_items` (`id`, `order_id`, `ean`, `quantity`, `price_per_item_ore`, `price_total_ore`, `created_at`)
VALUES
	(1,1,'4510044796310',3,500,1500,'2020-12-18 12:00:00'),
	(2,1,'4510044796311',1,1100,1100,'2020-12-18 12:00:00'),
	(3,1,'4510044796312',4,100,400,'2020-12-18 12:00:00'),
	(4,2,'4510044796313',3,1200,3600,'2020-12-28 12:00:00'),
	(5,2,'4510044796314',3,100,300,'2020-12-28 12:00:00'),
	(6,3,'4510044796315',6,600,3600,'2020-12-29 12:00:00'),
	(7,4,'4510044796316',1,1200,1200,'2021-01-10 12:00:00'),
	(8,4,'4510044796317',2,1200,2400,'2021-01-10 12:00:00'),
	(9,4,'4510044796318',1,6000,6000,'2021-01-10 12:00:00'),
	(10,4,'4510044796319',1,500,500,'2021-01-10 12:00:00'),
	(11,4,'4510044796320',1,8000,8000,'2021-01-10 12:00:00'),
	(12,5,'4510044796321',3,4500,13500,'2021-01-10 12:00:00'),
	(13,5,'4510044796322',5,1000,5000,'2021-01-10 12:00:00'),
	(14,6,'4510044796323',3,300,900,'2021-01-15 12:00:00'),
	(15,6,'4510044796324',20,300,6000,'2021-01-15 12:00:00'),
	(16,6,'4510044796325',3,500,1500,'2021-01-15 12:00:00'),
	(17,6,'4510044796326',1,300,300,'2021-01-15 12:00:00'),
	(18,7,'4510044796327',5,4000,20000,'2021-01-25 12:00:00'),
	(19,8,'4510044796328',1,1000,1000,'2021-01-28 12:00:00'),
	(20,8,'4510044796329',1,1000,1000,'2021-01-28 12:00:00'),
	(21,8,'4510044796330',1,1000,1000,'2021-01-28 12:00:00'),
	(22,9,'4510044796331',3,400,1600,'2021-01-30 12:00:00'),
	(23,9,'4510044796332',4,800,3200,'2021-01-30 12:00:00'),
	(24,10,'4510044796333',1,1000,1000,'2021-02-05 12:00:00'),
	(25,10,'4510044796334',2,1500,3000,'2021-02-05 12:00:00'),
	(26,10,'4510044796335',3,2000,6000,'2021-02-05 12:00:00'),
	(27,10,'4510044796336',4,4000,16000,'2021-02-05 12:00:00'),
	(28,11,'4510044796337',3,200,600,'2021-02-06 12:00:00'),
	(29,11,'4510044796338',3,4000,12000,'2021-02-06 12:00:00'),
	(30,12,'4510044796339',3,1000,3000,'2021-02-10 12:00:00'),
	(31,13,'4510044796340',3,1500,4500,'2021-02-11 12:00:00'),
	(32,14,'4510044796341',1,1000,1000,'2021-02-20 12:00:00'),
	(33,14,'4510044796342',2,1500,3000,'2021-02-20 12:00:00'),
	(34,14,'4510044796343',3,2000,6000,'2021-02-20 12:00:00'),
	(35,15,'4510044796344',3,200,600,'2021-02-27 12:00:00'),
	(36,15,'4510044796347',3,4000,12000,'2021-02-27 12:00:00'),
	(37,16,'4510044796348',3,1000,3000,'2021-03-10 12:00:00'),
	(38,17,'4510044796349',3,1500,4500,'2021-03-11 12:00:00'),
	(39,18,'4510044796350',1,1000,1000,'2021-03-20 12:00:00'),
	(40,18,'4510044796351',2,1500,3000,'2021-03-20 12:00:00'),
	(42,18,'4510044796352',3,2000,6000,'2021-03-20 12:00:00'),
	(43,18,'4510044796353',4,4000,16000,'2021-03-20 12:00:00'),
	(44,19,'4510044796354',3,200,600,'2021-03-28 12:00:00'),
	(45,19,'4510044796355',3,4000,12000,'2021-03-28 12:00:00'),
	(46,20,'4510044796356',3,1000,3000,'2021-03-01 12:00:00'),
	(47,21,'4510044796357',3,1500,4500,'2021-03-11 12:00:00');



INSERT INTO `customers` (`id`, `first_name`, `last_name`, `email`, `updated_at`, `created_at`)
VALUES
	(1,'Logan','Kerr','test1@test.com',NULL,'2020-12-10 12:00:00'),
	(2,'Louis','Jenkins','test2@test.com',NULL,'2020-12-12 12:00:00'),
	(3,'Lauren','Flynn','test3@test.com',NULL,'2021-01-10 12:00:00'),
	(4,'Sophie','Griffiths','4est1@test.com',NULL,'2021-01-20 12:00:00'),
	(5,'Erin','Kerr','test5@test.com',NULL,'2021-01-20 12:00:00'),
	(6,'John','Briggs','test6@test.com',NULL,'2021-02-10 12:00:00'),
	(7,'Sam','Copper','test7@test.com',NULL,'2021-02-10 12:00:00'),
	(8,'Yasmin','Clarke','test8@test.com',NULL,'2021-02-20 12:00:00'),
	(9,'Maisie','Vaughan','test9@test.com',NULL,'2021-03-01 12:00:00'),
	(10,'Elizabeth','Newman','test10@test.com',NULL,'2021-03-15 12:00:00'),
	(11,'Kai','Field','test11@test.com',NULL,'2021-03-20 12:00:00');



INSERT INTO `orders` (`id`, `customer_id`, `country`, `country_code`, `device`, `purchase_date`, `created_at`)
VALUES
	(1,1,'Spain','ES','device-x','2020-12-18 12:00:00','2020-12-18 12:00:00'),
	(2,1,'Spain','ES','device-w','2020-12-28 12:00:00','2020-12-28 12:00:00'),
	(3,3,'Sweden','SE','device-e','2020-12-29 12:00:00','2020-12-29 12:00:00'),
	(4,1,'Spain','ES','device-a','2021-01-10 12:00:00','2021-01-10 12:00:00'),
	(5,2,'Norway','NO','device-t','2021-01-10 12:00:00','2021-01-10 12:00:00'),
	(6,3,'Sweden','SE','device-y','2021-01-15 12:00:00','2021-01-15 12:00:00'),
	(7,1,'Spain','ES','device-u','2021-01-25 12:00:00','2021-01-25 12:00:00'),
	(8,4,'Norway','NO','device-h','2021-01-28 12:00:00','2021-01-28 12:00:00'),
	(9,8,'Sweden','SE','device-a','2021-01-30 12:00:00','2021-01-30 12:00:00'),
	(10,8,'Sweden','SE','device-w','2021-02-05 12:00:00','2021-02-05 12:00:00'),
	(11,1,'Spain','ES','device-e','2021-02-06 12:00:00','2021-02-06 12:00:00'),
	(12,6,'Finland','FI','device-r','2021-02-10 12:00:00','2021-02-10 12:00:00'),
	(13,7,'Norway','NO','device-t','2021-02-11 12:00:00','2021-02-11 12:00:00'),
	(14,8,'Sweden','SE','device-y','2021-02-20 12:00:00','2021-02-20 12:00:00'),
	(15,7,'Norway','NO','device-e','2021-02-27 12:00:00','2021-02-27 12:00:00'),
	(16,5,'Norway','NO','device-e','2021-03-10 12:00:00','2021-03-10 12:00:00'),
	(17,9,'Finland','FI','device-e','2021-03-11 12:00:00','2021-03-11 12:00:00'),
	(18,4,'Norway','NO','device-t','2021-03-20 12:00:00','2021-03-20 12:00:00'),
	(19,3,'Sweden','SE','device-e','2021-03-28 12:00:00','2021-03-28 12:00:00'),
	(20,10,'Sweden','SE','device-r','2021-03-01 12:00:00','2021-03-01 12:00:00'),
	(21,11,'Sweden','SE','device-r','2021-03-11 12:00:00','2021-03-11 12:00:00');
